item_id,target,relative_path,expected_filename,sha256,size_bytes,revision,status,allowed_use,blocking_gate_or_note
REF001,mechanical,../02_PRODUCTION_CAD/production_full_assembly.step,production_full_assembly.step,8417a27ac5d1099be67d8a04df8bbea166569e9e1337af557b14eda0274a7250,1088521,v1.0-digital-candidate,REFERENCE_ONLY,"DFM reference only","Digitally checked 16-solid assembly; physical qualification remains open"
REF002,mechanical,../02_PRODUCTION_CAD/production_pcb_placement_only.step,production_pcb_placement_only.step,9f0a0dccffdb4349212f693164be0a9e89e6099e7b51e0eeff3a3762399c3e2a,43668,v1.0-placement,REFERENCE_ONLY,"DFM reference only","Placement volumes only; supplier must not derive copper"
REF003,all,../02_PRODUCTION_CAD/PRODUCTION_FIT_REPORT.md,PRODUCTION_FIT_REPORT.md,a6889d620b0c4a9658d6eba567eff4f83da3004aa7363b1df5df67090220ff3a,3548,v1.0-digital-candidate,REFERENCE_ONLY,"Requirements review","Digital pass is not physical qualification"
REF004,all,../02_PRODUCTION_CAD/production_fit_report.json,production_fit_report.json,43865735e30ab4aa7808100a9345d22c0654fdd565e57c0ebdfdff8b4c81eedf,4891,v1.0-digital-candidate,REFERENCE_ONLY,"Automated evidence review","Twenty-three digital checks; runtime and physical gates remain open"
PCBREF001,engineering_only,../03_PRODUCTION_PCB/anticipy_evt_a_kicad_checkpoint.zip,anticipy_evt_a_kicad_checkpoint.zip,01f34b8d54764791c84e32f947f92cf09d5f72d4d911bccb795826f93b39e7f4,244168,EVT-A-engineering-checkpoint,REFERENCE_ONLY,"Native design review only","NOT FABRICATION RELEASE; unrouted and superseded candidates remain"
PCBREF002,engineering_only,../03_PRODUCTION_PCB/README.md,pcb_checkpoint_README.md,a84837161d4d2699f0ee74da29ac84019d0873f69181c0f2adcad91354423a14,5324,EVT-A-engineering-checkpoint,REFERENCE_ONLY,"Checkpoint status review","Read v1.0 stop sign and correction order"
PCBREF003,engineering_only,../03_PRODUCTION_PCB/reports/STRUCTURAL_VERIFY.txt,PCB_STRUCTURAL_VERIFY.txt,df64a97487e551a6686e1d6abe11e2dd3d5201fbe7d144838b776927395c0357,1813,EVT-A-engineering-checkpoint,REFERENCE_ONLY,"Structural evidence only","25 PASS/0 FAIL is not routing/ERC/DRC/DFM"
PCBREF004,engineering_only,../03_PRODUCTION_PCB/reports/ERC_NOT_RUN.txt,PCB_ERC_NOT_RUN.txt,88c5817f9aaacc239758273ffacd8c38c6284d9dd40b6da6fe9eaf8e772d8c7f,184,EVT-A-engineering-checkpoint,REFERENCE_ONLY,"Hold evidence","ERC not run"
PCBREF005,engineering_only,../03_PRODUCTION_PCB/reports/DRC_NOT_RUN.txt,PCB_DRC_NOT_RUN.txt,47797227cff8fc653a8b6de681486df454b453b52724718fca0fe637516a35e6,187,EVT-A-engineering-checkpoint,REFERENCE_ONLY,"Hold evidence","DRC not run"
PCB001,PCBA,TBD/ANT-PCB-EVT-A-R01_GerberX2.zip,ANT-PCB-EVT-A-R01_GerberX2.zip,TBD,TBD,R01,MISSING_BLOCKING,"None","Released Gerber X2 archive absent"
PCB002,PCBA,TBD/ANT-PCB-EVT-A-R01_NC_Drill.zip,ANT-PCB-EVT-A-R01_NC_Drill.zip,TBD,TBD,R01,MISSING_BLOCKING,"None","NC drill data absent"
PCB003,PCBA,TBD/ANT-PCB-EVT-A-R01_IPC356.ipc,ANT-PCB-EVT-A-R01_IPC356.ipc,TBD,TBD,R01,MISSING_BLOCKING,"None","IPC-356 netlist absent"
PCB004,PCBA,TBD/ANT-PCB-EVT-A-R01_BOM.csv,ANT-PCB-EVT-A-R01_BOM.csv,TBD,TBD,R01,MISSING_BLOCKING,"None","Approved line-item BOM absent"
PCB005,PCBA,TBD/ANT-PCB-EVT-A-R01_CPL.csv,ANT-PCB-EVT-A-R01_CPL.csv,TBD,TBD,R01,MISSING_BLOCKING,"None","Pick-and-place absent"
PCB006,PCBA,TBD/ANT-PCB-EVT-A-R01_Fabrication.pdf,ANT-PCB-EVT-A-R01_Fabrication.pdf,TBD,TBD,R01,MISSING_BLOCKING,"None","Stack-up/impedance drawing absent"
PCB007,PCBA,TBD/ANT-PCB-EVT-A-R01_Assembly.pdf,ANT-PCB-EVT-A-R01_Assembly.pdf,TBD,TBD,R01,MISSING_BLOCKING,"None","Assembly/polarity drawing absent"
PCB008,PCBA,TBD/ANT-PCB-EVT-A-R01_Paste.zip,ANT-PCB-EVT-A-R01_Paste.zip,TBD,TBD,R01,MISSING_BLOCKING,"None","Paste data absent"
PCB009,mechanical,TBD/ANT-PCB-EVT-A-R01_Populated.step,ANT-PCB-EVT-A-R01_Populated.step,TBD,TBD,R01,MISSING_BLOCKING,"None","Actual populated PCB STEP absent"
PCB010,engineering,TBD/ANT-PCB-EVT-A-R01_Schematic.pdf,ANT-PCB-EVT-A-R01_Schematic.pdf,TBD,TBD,R01,MISSING_BLOCKING,"None","Annotated schematic absent"
PCB011,engineering,TBD/ANT-PCB-EVT-A-R01_ERC.pdf,ANT-PCB-EVT-A-R01_ERC.pdf,TBD,TBD,R01,MISSING_BLOCKING,"None","Unfiltered ERC report absent"
PCB012,engineering,TBD/ANT-PCB-EVT-A-R01_DRC.pdf,ANT-PCB-EVT-A-R01_DRC.pdf,TBD,TBD,R01,MISSING_BLOCKING,"None","Unfiltered DRC report absent"
PCB013,PCBA,TBD/ANT-PCB-EVT-A-R01_Panel.pdf,ANT-PCB-EVT-A-R01_Panel.pdf,TBD,TBD,R01,MISSING_BLOCKING,"None","Manufacturer-approved panel absent"
PCB014,PCBA,TBD/ANT-PCB-EVT-A-R01_DFM.pdf,ANT-PCB-EVT-A-R01_DFM.pdf,TBD,TBD,R01,MISSING_BLOCKING,"None","Assembler DFM closure absent"
FW001,firmware,TBD/ANT-FW-EVT-A-R01.bin,ANT-FW-EVT-A-R01.bin,TBD,TBD,R01,MISSING_BLOCKING,"None","Production nRF54L15 firmware absent"
FW002,test,TBD/ANT-FACTORY-TEST-R01.zip,ANT-FACTORY-TEST-R01.zip,TBD,TBD,R01,MISSING_BLOCKING,"None","Factory test software absent"
BAT001,battery,TBD/BAT-ANT-200-001_ApprovedPack.pdf,BAT-ANT-200-001_ApprovedPack.pdf,TBD,TBD,R01,MISSING_BLOCKING,"None","Signed max-27x12.5x6 pack drawing/NTC absent"
BAT002,compliance,TBD/BAT-ANT-200-001_UN38.3.pdf,BAT-ANT-200-001_UN38.3.pdf,TBD,TBD,R01,MISSING_BLOCKING,"None","Pack-applicable UN38.3 summary absent"
BAT003,compliance,TBD/BAT-ANT-200-001_IEC62133-2.pdf,BAT-ANT-200-001_IEC62133-2.pdf,TBD,TBD,R01,MISSING_BLOCKING,"None","Applicable safety evidence absent"
BAT004,compliance,TBD/BAT-ANT-200-001_SDS.pdf,BAT-ANT-200-001_SDS.pdf,TBD,TBD,R01,MISSING_BLOCKING,"None","Current SDS absent"
MECH001,mechanical,TBD/ANT-MECH-R01_ReleasedDrawings.zip,ANT-MECH-R01_ReleasedDrawings.zip,TBD,TBD,R01,MISSING_BLOCKING,"None","Released GD&T/material/finish/seal/acoustic drawings absent"
TEST001,final_assembly,TBD/ANT-EOL-FIXTURE-R01_Released.zip,ANT-EOL-FIXTURE-R01_Released.zip,TBD,TBD,R01,MISSING_BLOCKING,"None","Released and calibrated EOL fixture absent"
