KiCad_X_mm,KiCad_Y_mm,Nominal_pre_fill_bore_mm,Copper_land_mm,Net,UUID,Required_finish
36.95,31.5,0.2,0.45,/3V_MAIN,1250acd4-6118-45f2-b43f-d29edd0a644a,"IPC-4761 Type VII nonconductive epoxy filled, planarized, copper capped both sides"
36.9485,25.27,0.2,0.45,/3V_MAIN,16446815-e2e3-4985-88b2-48b6609662d5,"IPC-4761 Type VII nonconductive epoxy filled, planarized, copper capped both sides"
35.75,34.65,0.2,0.45,/3V_MAIN,55415419-86f1-467e-8e0a-408e439b0924,"IPC-4761 Type VII nonconductive epoxy filled, planarized, copper capped both sides"
34.2624,32.4572,0.2,0.45,/3V_MAIN,7a766f4e-3ba1-485b-9dc2-37d02f05e837,"IPC-4761 Type VII nonconductive epoxy filled, planarized, copper capped both sides"
53.0403,37.0726,0.2,0.45,/3V_MAIN,dba84046-6cc1-41a2-8387-0efb7db4222a,"IPC-4761 Type VII nonconductive epoxy filled, planarized, copper capped both sides"
61.25,37.4,0.2,0.45,/3V_MAIN,e676c3a2-bb61-4ef2-b08d-80ee24dc6580,"IPC-4761 Type VII nonconductive epoxy filled, planarized, copper capped both sides"
62.8395,29.4932,0.2,0.45,/FLASH_IO3,1506efb0-4e9d-49a2-ae7b-5176d1aad7c0,"IPC-4761 Type VII nonconductive epoxy filled, planarized, copper capped both sides"
51.6623,34.0458,0.2,0.45,/FLASH_IO3,67eff72b-beb7-4fa8-9af7-542765b88331,"IPC-4761 Type VII nonconductive epoxy filled, planarized, copper capped both sides"
50.2531,27.818,0.2,0.45,/FLASH_IO3,f86db73c-880f-4de9-80f6-b2126e2e96b1,"IPC-4761 Type VII nonconductive epoxy filled, planarized, copper capped both sides"
25.75,23.45,0.2,0.45,/GND,08507688-e1c2-40eb-bd21-53d94d8daae6,"IPC-4761 Type VII nonconductive epoxy filled, planarized, copper capped both sides"
56.175,36.0,0.2,0.45,/GND,0900c243-fa82-4621-9c33-da08a442aac8,"IPC-4761 Type VII nonconductive epoxy filled, planarized, copper capped both sides"
30.0262,33.1103,0.2,0.45,/GND,21d2b946-b2e4-4ab8-849f-1ea1e853b853,"IPC-4761 Type VII nonconductive epoxy filled, planarized, copper capped both sides"
62.9286,25.9978,0.2,0.45,/GND,2d50946a-0168-440d-af68-924e691cac9e,"IPC-4761 Type VII nonconductive epoxy filled, planarized, copper capped both sides"
58.475,28.175,0.2,0.45,/GND,33077eb2-43f1-4476-9172-2dfd2fb421c3,"IPC-4761 Type VII nonconductive epoxy filled, planarized, copper capped both sides"
36.4,27.4,0.304,0.6096,/GND,3e586dbf-1111-496c-b1db-90846b94fa83,"IPC-4761 Type VII nonconductive epoxy filled, planarized, copper capped both sides"
48.9398,23.5765,0.2,0.45,/GND,44ade429-4ace-4996-bcd8-d0c6f08f4783,"IPC-4761 Type VII nonconductive epoxy filled, planarized, copper capped both sides"
35.2,29.8,0.304,0.6096,/GND,487c3a80-ecc2-4612-b79f-0aff4fe65701,"IPC-4761 Type VII nonconductive epoxy filled, planarized, copper capped both sides"
28.225,23.075,0.2,0.45,/GND,4eaa309b-7653-4f45-ba29-051a9602c69a,"IPC-4761 Type VII nonconductive epoxy filled, planarized, copper capped both sides"
52.3687,27.8233,0.2,0.45,/GND,5e7bd5af-b93d-4a54-bad4-f7cdbc128631,"IPC-4761 Type VII nonconductive epoxy filled, planarized, copper capped both sides"
52.275,22.55,0.2,0.45,/GND,5ffb4aab-eda9-4718-8123-3057f9759476,"IPC-4761 Type VII nonconductive epoxy filled, planarized, copper capped both sides"
36.4,28.6,0.304,0.6096,/GND,6c70bb4f-f00f-4fa1-991b-9d1be700db83,"IPC-4761 Type VII nonconductive epoxy filled, planarized, copper capped both sides"
34.0,28.6,0.304,0.6096,/GND,703decc8-8dde-48a9-876b-441ddda734d7,"IPC-4761 Type VII nonconductive epoxy filled, planarized, copper capped both sides"
45.7636,35.6348,0.2,0.45,/GND,75f216fb-f642-48ab-a37f-88c97b07eeab,"IPC-4761 Type VII nonconductive epoxy filled, planarized, copper capped both sides"
41.005,26.65,0.2,0.45,/GND,7727c667-1250-4495-b877-a23b64cf1eec,"IPC-4761 Type VII nonconductive epoxy filled, planarized, copper capped both sides"
40.75,31.9,0.2,0.45,/GND,7a82cbb3-5947-4a62-8372-ea1397a857bd,"IPC-4761 Type VII nonconductive epoxy filled, planarized, copper capped both sides"
60.325,30.75,0.2,0.45,/GND,7be191d8-5fd0-428b-bb04-3c0fb58141cd,"IPC-4761 Type VII nonconductive epoxy filled, planarized, copper capped both sides"
43.6,22.6,0.2,0.45,/GND,808af622-eb49-412a-839b-e12f296f69b1,"IPC-4761 Type VII nonconductive epoxy filled, planarized, copper capped both sides"
35.2,27.4,0.304,0.6096,/GND,888b641c-b116-4cf5-ad2e-e473e2345b25,"IPC-4761 Type VII nonconductive epoxy filled, planarized, copper capped both sides"
25.175,36.5,0.2,0.45,/GND,8dd6e887-3e46-4aa0-9fb6-ec2b3d5c1078,"IPC-4761 Type VII nonconductive epoxy filled, planarized, copper capped both sides"
34.0,29.8,0.304,0.6096,/GND,9fca687c-6120-4700-aa84-6160cd64339f,"IPC-4761 Type VII nonconductive epoxy filled, planarized, copper capped both sides"
37.4577,37.5923,0.2,0.45,/GND,a20cf8e1-0c03-45ba-b2ca-20b3dd48f648,"IPC-4761 Type VII nonconductive epoxy filled, planarized, copper capped both sides"
34.0,27.4,0.304,0.6096,/GND,a2c6f6f6-0f18-4803-8270-2cb34cdc7e94,"IPC-4761 Type VII nonconductive epoxy filled, planarized, copper capped both sides"
36.4,29.8,0.304,0.6096,/GND,c00bc0c3-c1bf-4999-9d29-36f4a6f9a72f,"IPC-4761 Type VII nonconductive epoxy filled, planarized, copper capped both sides"
55.767,26.1191,0.2,0.45,/GND,c04e80e4-75c2-48ea-931b-96a35b8c6cc4,"IPC-4761 Type VII nonconductive epoxy filled, planarized, copper capped both sides"
35.2,28.6,0.304,0.6096,/GND,c3724a2d-3d4a-421d-b569-e03e8c6eb3af,"IPC-4761 Type VII nonconductive epoxy filled, planarized, copper capped both sides"
43.0875,29.2984,0.2,0.45,/GND,c8af2424-231f-4c82-a9e8-9bc0272b7e52,"IPC-4761 Type VII nonconductive epoxy filled, planarized, copper capped both sides"
64.4,38.05,0.2,0.45,/GND,d1cab01f-cdf3-4029-906c-a95d896a63ce,"IPC-4761 Type VII nonconductive epoxy filled, planarized, copper capped both sides"
58.1813,33.6144,0.2,0.45,/GND,d57797b2-3172-4717-bded-2273ec037d4b,"IPC-4761 Type VII nonconductive epoxy filled, planarized, copper capped both sides"
30.75,26.5,0.2,0.45,/GND,da22c3df-fd28-4cf9-9a7f-c8a9ee7b88de,"IPC-4761 Type VII nonconductive epoxy filled, planarized, copper capped both sides"
28.71,29.96,0.2,0.45,/GND,da319389-798c-4060-8b65-93e28f944c0f,"IPC-4761 Type VII nonconductive epoxy filled, planarized, copper capped both sides"
30.0,31.3,0.2,0.45,/GND,ddef53a1-d424-4fba-b05c-6193928a1d62,"IPC-4761 Type VII nonconductive epoxy filled, planarized, copper capped both sides"
36.3,24.28,0.2,0.45,/GND,de23fa47-c1bb-4d45-8126-2eb45a43c7a2,"IPC-4761 Type VII nonconductive epoxy filled, planarized, copper capped both sides"
29.95,26.175,0.2,0.45,/GND,e3fd05e9-c9a5-420b-88a3-e7fbb7e512c5,"IPC-4761 Type VII nonconductive epoxy filled, planarized, copper capped both sides"
28.85,25.5,0.2,0.45,/GND,e76f5152-fd10-40be-b638-20a861fa0614,"IPC-4761 Type VII nonconductive epoxy filled, planarized, copper capped both sides"
65.15,33.975,0.2,0.45,/GND,eb267ec0-c582-4860-a9f4-38a1bd771a70,"IPC-4761 Type VII nonconductive epoxy filled, planarized, copper capped both sides"
48.05,37.45,0.2,0.45,/GND,ed8d0442-76df-40c5-8ad5-9cdd730a76ee,"IPC-4761 Type VII nonconductive epoxy filled, planarized, copper capped both sides"
44.5396,23.0807,0.2,0.45,/GND,edbfc9b4-7289-469b-aad1-74b85475b3f6,"IPC-4761 Type VII nonconductive epoxy filled, planarized, copper capped both sides"
42.5,33.75,0.2,0.45,/2V5_AUX,37916104-b44e-4916-b844-9760119edd30,"IPC-4761 Type VII nonconductive epoxy filled, planarized, copper capped both sides"
30.5,25.95,0.2,0.45,/VBAT,0b438536-cfe6-41a6-a34a-7194a1f5c4df,"IPC-4761 Type VII nonconductive epoxy filled, planarized, copper capped both sides"
32.0,26.45,0.2,0.45,/VBAT,1742339d-b2dc-4a58-af37-533861564fda,"IPC-4761 Type VII nonconductive epoxy filled, planarized, copper capped both sides"
27.65,29.04,0.2,0.45,/USB_D+,a4949c28-21cd-4562-9b15-ad5acb4c806e,"IPC-4761 Type VII nonconductive epoxy filled, planarized, copper capped both sides"
27.56,30.34,0.2,0.45,/USB_D+,af516f2d-e446-4722-8a16-ee45c9a18784,"IPC-4761 Type VII nonconductive epoxy filled, planarized, copper capped both sides"
28.15,30.95,0.2,0.45,/USB_D-,1b845453-cb7d-4306-9830-59b814f433a2,"IPC-4761 Type VII nonconductive epoxy filled, planarized, copper capped both sides"
27.47,29.72,0.2,0.45,/USB_D-,c4c3053c-7b71-4e77-a68a-5cfbb2631a5e,"IPC-4761 Type VII nonconductive epoxy filled, planarized, copper capped both sides"
35.6,23.6,0.2,0.45,/I2C_SDA,018c7b05-7323-49c8-8018-c620a4b53e9c,"IPC-4761 Type VII nonconductive epoxy filled, planarized, copper capped both sides"
51.6623,37.8156,0.2,0.45,/I2C_SDA,342b0e5e-ff86-407e-a5a6-4aaa67b9ff18,"IPC-4761 Type VII nonconductive epoxy filled, planarized, copper capped both sides"
34.95,25.525,0.2,0.45,/I2C_SDA,41e233dd-f585-4a80-96d2-cc2f017366f5,"IPC-4761 Type VII nonconductive epoxy filled, planarized, copper capped both sides"
43.796,26.5148,0.2,0.45,/I2C_SDA,5079aade-23c3-4ec3-b40d-1401e157a1a8,"IPC-4761 Type VII nonconductive epoxy filled, planarized, copper capped both sides"
37.8837,23.3471,0.2,0.45,/I2C_SDA,da82e470-0578-42af-8ce9-a16b81bc793e,"IPC-4761 Type VII nonconductive epoxy filled, planarized, copper capped both sides"
60.4243,34.0426,0.2,0.45,/I2C_SCL,009d52b3-8d59-41bd-8971-38728300ebcc,"IPC-4761 Type VII nonconductive epoxy filled, planarized, copper capped both sides"
36.3288,22.184,0.2,0.45,/I2C_SCL,3dcdce1a-b92f-4c2b-8ec0-c5f22d15b635,"IPC-4761 Type VII nonconductive epoxy filled, planarized, copper capped both sides"
54.9423,37.6365,0.2,0.45,/UART_RX,030ae6a8-f941-49ee-8dd2-9246dd9acc3a,"IPC-4761 Type VII nonconductive epoxy filled, planarized, copper capped both sides"
42.35,32.9,0.2,0.45,/UART_RX,162abfab-2cbf-41e8-a300-c2bf7accb8c6,"IPC-4761 Type VII nonconductive epoxy filled, planarized, copper capped both sides"
44.55,30.7,0.2,0.45,/UART_RX,7cb24acf-d26a-477f-a6b2-5266b8c47a4c,"IPC-4761 Type VII nonconductive epoxy filled, planarized, copper capped both sides"
45.1447,31.1447,0.2,0.45,/UART_RX,ec3fe14c-461e-4f1d-a783-ea1afbc893db,"IPC-4761 Type VII nonconductive epoxy filled, planarized, copper capped both sides"
42.5,32.049999,0.2,0.45,/UART_TX,2668b000-152c-4279-88ec-20ceca97bf2e,"IPC-4761 Type VII nonconductive epoxy filled, planarized, copper capped both sides"
43.6,29.75,0.2,0.45,/UART_TX,7893dea6-ebd7-40e7-8184-f905dabbd220,"IPC-4761 Type VII nonconductive epoxy filled, planarized, copper capped both sides"
58.7021,35.0942,0.2,0.45,/UART_TX,b498ed09-7b2e-418a-95c7-79c2cc8df935,"IPC-4761 Type VII nonconductive epoxy filled, planarized, copper capped both sides"
45.9369,35.0,0.2,0.45,/HAPTIC_PWM,142119c3-e3ce-4d23-a909-60cdd205549f,"IPC-4761 Type VII nonconductive epoxy filled, planarized, copper capped both sides"
56.8502,37.5975,0.2,0.45,/HAPTIC_PWM,6b5993e3-39ab-4cfa-a958-5d50ab4b5ea7,"IPC-4761 Type VII nonconductive epoxy filled, planarized, copper capped both sides"
39.6029,35.6451,0.2,0.45,/VBUSOUT,2e65bac9-067d-441c-8e52-c58d189cce28,"IPC-4761 Type VII nonconductive epoxy filled, planarized, copper capped both sides"
63.0,38.45,0.2,0.45,/VBUSOUT,3e4f0234-4012-4b11-b1b3-136b4ad3ee2c,"IPC-4761 Type VII nonconductive epoxy filled, planarized, copper capped both sides"
63.4919,35.978,0.2,0.45,/VBUSOUT,520cdee6-5d29-4a54-ad73-bd8ddebce94a,"IPC-4761 Type VII nonconductive epoxy filled, planarized, copper capped both sides"
36.1413,32.5318,0.2,0.45,/VBUSOUT,7cf14bb2-59d4-44f1-a1eb-1276a66e9a91,"IPC-4761 Type VII nonconductive epoxy filled, planarized, copper capped both sides"
62.15,38.05,0.2,0.45,/VBUSOUT,d054f7f2-8969-4e9b-9d96-57438fb6910f,"IPC-4761 Type VII nonconductive epoxy filled, planarized, copper capped both sides"
31.9169,29.4363,0.2,0.45,/VBUSOUT,dec3e841-15b3-4d1d-aebc-278eec51fb4b,"IPC-4761 Type VII nonconductive epoxy filled, planarized, copper capped both sides"
64.95,35.65,0.2,0.45,/USB_MCU_D-,6f1c0c2f-55c4-4197-a3e7-6d8a9eedcd4a,"IPC-4761 Type VII nonconductive epoxy filled, planarized, copper capped both sides"
64.95,34.85,0.2,0.45,/USB_MCU_D+,e87150e1-d648-485c-b05e-81f383ac9a24,"IPC-4761 Type VII nonconductive epoxy filled, planarized, copper capped both sides"
60.6207,33.396,0.2,0.45,/PDM_CLK,3795fad2-7a36-4402-8c47-5fb4cc5db0e9,"IPC-4761 Type VII nonconductive epoxy filled, planarized, copper capped both sides"
49.6241,21.9828,0.2,0.45,/PDM_CLK,9aa86126-574d-423e-b953-921ceb98f984,"IPC-4761 Type VII nonconductive epoxy filled, planarized, copper capped both sides"
65.0585,33.2733,0.2,0.45,/PDM_DATA,8cd93f54-c36d-4f3c-8e1a-d42edec7d6a6,"IPC-4761 Type VII nonconductive epoxy filled, planarized, copper capped both sides"
61.351,27.6964,0.2,0.45,/PDM_DATA,9c4b9214-c941-4ba5-8d3e-1d4db6655824,"IPC-4761 Type VII nonconductive epoxy filled, planarized, copper capped both sides"
44.9,34.15,0.2,0.45,/RESET,5634e7f3-23d8-4e61-96e7-506b09d15eb9,"IPC-4761 Type VII nonconductive epoxy filled, planarized, copper capped both sides"
37.525,33.1,0.2,0.45,/RESET,66bf87ee-9cdd-4265-972b-625bdaffbf9c,"IPC-4761 Type VII nonconductive epoxy filled, planarized, copper capped both sides"
35.4,35.575,0.2,0.45,/RESET,a5213648-a773-4be1-b386-dc90816c4cd9,"IPC-4761 Type VII nonconductive epoxy filled, planarized, copper capped both sides"
54.85,34.5,0.2,0.45,/RESET,bdecb2d9-0eee-49b0-9d19-a4790cf71467,"IPC-4761 Type VII nonconductive epoxy filled, planarized, copper capped both sides"
43.825,36.05,0.2,0.45,/PMIC_INT,2b95db1f-96b1-4a26-a36f-0d9a562e3739,"IPC-4761 Type VII nonconductive epoxy filled, planarized, copper capped both sides"
48.925,25.0,0.2,0.45,/PMIC_INT,31139815-e33b-498a-9381-8c9b6e152f05,"IPC-4761 Type VII nonconductive epoxy filled, planarized, copper capped both sides"
39.1932,25.05,0.2,0.45,/PMIC_INT,706d137d-ff0c-4c5f-b972-eacddd7eb813,"IPC-4761 Type VII nonconductive epoxy filled, planarized, copper capped both sides"
38.5,26.4,0.2,0.45,/PMIC_INT,89dbe858-3314-484d-9558-e117fba17813,"IPC-4761 Type VII nonconductive epoxy filled, planarized, copper capped both sides"
42.45,29.25,0.2,0.45,/PMIC_INT,8e457fa1-04d6-4025-b280-8a5779b9a028,"IPC-4761 Type VII nonconductive epoxy filled, planarized, copper capped both sides"
64.3918,31.85,0.2,0.45,/PMIC_INT,c36f1cfa-6a3b-438a-8dcb-46487790a87b,"IPC-4761 Type VII nonconductive epoxy filled, planarized, copper capped both sides"
51.269,30.2735,0.2,0.45,/FLASH_SCK,2e80e78e-0630-4343-87a2-81e93dc265b8,"IPC-4761 Type VII nonconductive epoxy filled, planarized, copper capped both sides"
62.8319,31.8856,0.2,0.45,/FLASH_SCK,ec82dc63-6a20-4a68-86c1-aabfcd786af6,"IPC-4761 Type VII nonconductive epoxy filled, planarized, copper capped both sides"
51.4383,32.0933,0.2,0.45,/FLASH_IO0,68390ee0-a224-4f48-a94a-32059229eecf,"IPC-4761 Type VII nonconductive epoxy filled, planarized, copper capped both sides"
62.8197,31.25,0.2,0.45,/FLASH_IO0,82e6e1f4-090d-44b1-8cbd-72110ec43b69,"IPC-4761 Type VII nonconductive epoxy filled, planarized, copper capped both sides"
47.2813,27.7263,0.2,0.45,/FLASH_CS,3a9d5eb3-2c71-4e30-8de4-e252d52a4ac0,"IPC-4761 Type VII nonconductive epoxy filled, planarized, copper capped both sides"
58.95,33.5,0.2,0.45,/FLASH_CS,4baa82c0-36ad-45c3-80d7-39418f702e85,"IPC-4761 Type VII nonconductive epoxy filled, planarized, copper capped both sides"
57.1,34.65,0.2,0.45,/FLASH_CS,a59dab16-a216-4bdc-a78e-f1f95e04c708,"IPC-4761 Type VII nonconductive epoxy filled, planarized, copper capped both sides"
64.2,31.2,0.2,0.45,/FLASH_CS,bd0778dd-bdaf-4e47-9eef-061b403999fa,"IPC-4761 Type VII nonconductive epoxy filled, planarized, copper capped both sides"
54.291,34.2322,0.2,0.45,/FLASH_CS,ca601a9f-d97e-4b64-b487-b306b194e092,"IPC-4761 Type VII nonconductive epoxy filled, planarized, copper capped both sides"
51.0,32.5,0.2,0.45,/FLASH_IO2,0c7514ad-79dd-47ab-a25a-545e497adef4,"IPC-4761 Type VII nonconductive epoxy filled, planarized, copper capped both sides"
59.4,32.5,0.2,0.45,/FLASH_IO2,66102c66-fa94-4d6e-8afb-693945ce4df8,"IPC-4761 Type VII nonconductive epoxy filled, planarized, copper capped both sides"
45.3853,29.1297,0.2,0.45,/FLASH_IO1,6d91743c-5cd4-4907-9af2-04143d365e05,"IPC-4761 Type VII nonconductive epoxy filled, planarized, copper capped both sides"
65.0585,29.8952,0.2,0.45,/FLASH_IO1,ee84f938-a6ce-44cd-95f8-103f3166fccc,"IPC-4761 Type VII nonconductive epoxy filled, planarized, copper capped both sides"
28.8339,34.4516,0.2,0.45,/SWDIO,6ba250a4-9c42-4273-b8bb-10ac543b6402,"IPC-4761 Type VII nonconductive epoxy filled, planarized, copper capped both sides"
53.55,38.35,0.2,0.45,/SWDIO,ba6167f7-49ef-48c8-94b5-77a6c16b5121,"IPC-4761 Type VII nonconductive epoxy filled, planarized, copper capped both sides"
62.7,30.1,0.2,0.45,/SWDIO,c52ca99d-da8c-4e40-b1d5-af1f430ba001,"IPC-4761 Type VII nonconductive epoxy filled, planarized, copper capped both sides"
45.0918,35.6613,0.2,0.45,/SWDIO,d385f34b-30e1-4ff8-9513-fc1f47454069,"IPC-4761 Type VII nonconductive epoxy filled, planarized, copper capped both sides"
64.25,26.5,0.2,0.45,/SWDCLK,a73f4336-7ab2-4a8a-a11a-da89b97bda79,"IPC-4761 Type VII nonconductive epoxy filled, planarized, copper capped both sides"
30.6,35.55,0.2,0.45,/SWDCLK,ca3baa41-5d1c-4130-a6d3-42cf9ea8a602,"IPC-4761 Type VII nonconductive epoxy filled, planarized, copper capped both sides"
34.3,35.9,0.2,0.45,/LED_BLUE_K,7ae33828-312e-416b-b00c-b7b99ffa18e1,"IPC-4761 Type VII nonconductive epoxy filled, planarized, copper capped both sides"
33.181819,31.41818,0.2,0.45,/LED_BLUE_K,b7023f97-8e08-468f-b7f5-605ed96e5884,"IPC-4761 Type VII nonconductive epoxy filled, planarized, copper capped both sides"
28.093,28.6091,0.2,0.45,/VSYS,1d98334c-cd0b-4c16-b20a-0e0595439bac,"IPC-4761 Type VII nonconductive epoxy filled, planarized, copper capped both sides"
30.1301,36.2442,0.2,0.45,/VSYS,747fa9e9-1352-48f6-a5f0-60e6dc5454ba,"IPC-4761 Type VII nonconductive epoxy filled, planarized, copper capped both sides"
38.8744,29.2723,0.2,0.45,/VSYS,808c2393-9bc7-4cff-87c8-edd775414e43,"IPC-4761 Type VII nonconductive epoxy filled, planarized, copper capped both sides"
35.451,33.7108,0.2,0.45,/VSYS,98dd46b9-55d9-4966-b76f-0d5595b2c096,"IPC-4761 Type VII nonconductive epoxy filled, planarized, copper capped both sides"
38.65,33.1,0.2,0.45,/VSYS,a9f045e8-9376-42b2-9dfa-cadeb5f319b7,"IPC-4761 Type VII nonconductive epoxy filled, planarized, copper capped both sides"
33.7,24.25,0.2,0.45,/SHPHLD_BTN,cfc79357-042a-4792-990d-85c615690b30,"IPC-4761 Type VII nonconductive epoxy filled, planarized, copper capped both sides"
30.79,34.9567,0.2,0.45,/SHPHLD_BTN,ec5a9830-87aa-4941-b3f7-ed44b5ea4ffe,"IPC-4761 Type VII nonconductive epoxy filled, planarized, copper capped both sides"
39.4995,34.2152,0.2,0.45,/3V_MIC,026cf8cf-4ef0-4eed-8a7a-a0dfef9ee966,"IPC-4761 Type VII nonconductive epoxy filled, planarized, copper capped both sides"
49.0928,26.2728,0.2,0.45,/3V_MIC,0a4b5b1f-16b2-4a0d-b596-35a5f90c1e59,"IPC-4761 Type VII nonconductive epoxy filled, planarized, copper capped both sides"
44.416,25.4448,0.2,0.45,/3V_MIC,6a286019-85c2-4ffe-8052-713a5e68d1f1,"IPC-4761 Type VII nonconductive epoxy filled, planarized, copper capped both sides"
47.9,26.0,0.2,0.45,/3V_MIC,bd55d580-17d9-476f-93e3-71c424d60d43,"IPC-4761 Type VII nonconductive epoxy filled, planarized, copper capped both sides"
52.8,26.0,0.2,0.45,/3V_MIC,d2cc2897-f6e1-4f60-bc76-9d1b62731aa9,"IPC-4761 Type VII nonconductive epoxy filled, planarized, copper capped both sides"
46.6379,36.2568,0.2,0.45,/HAPTIC_NEG,029162c8-50b9-47fd-af17-0b211a5f451b,"IPC-4761 Type VII nonconductive epoxy filled, planarized, copper capped both sides"
32.15,27.35,0.2,0.45,/NTC,375ab9a4-46c8-4fe0-a72e-fb0d7636ae4a,"IPC-4761 Type VII nonconductive epoxy filled, planarized, copper capped both sides"
45.45,28.425,0.2,0.45,/NTC,fe95155d-4ae0-449a-bee7-171633aa4c4a,"IPC-4761 Type VII nonconductive epoxy filled, planarized, copper capped both sides"
28.05,27.05,0.2,0.45,/VBUS,23a48682-1233-43dc-8cc2-436006c36e40,"IPC-4761 Type VII nonconductive epoxy filled, planarized, copper capped both sides"
28.1,32.35,0.2,0.45,/VBUS,3b140dcf-d040-465a-8130-3ab395a8c23a,"IPC-4761 Type VII nonconductive epoxy filled, planarized, copper capped both sides"
30.95,28.85,0.2,0.45,/VBUS,56b927b1-857d-4515-a307-8f6645264bb1,"IPC-4761 Type VII nonconductive epoxy filled, planarized, copper capped both sides"
27.596,34.3094,0.2,0.45,/VBUS,9a956925-888b-450a-83eb-81e871bdbb39,"IPC-4761 Type VII nonconductive epoxy filled, planarized, copper capped both sides"
34.7246,37.9246,0.2,0.45,/VBUS,d2fc4029-e97e-4353-b455-34f88a5bf757,"IPC-4761 Type VII nonconductive epoxy filled, planarized, copper capped both sides"
30.5445,22.1675,0.2,0.45,/USB_CC1,8863f70b-d350-48ac-90be-602d149eafba,"IPC-4761 Type VII nonconductive epoxy filled, planarized, copper capped both sides"
31.4338,32.194,0.2,0.45,/USB_CC1,dbd53769-7233-41d8-85e2-0f4e54c88c9c,"IPC-4761 Type VII nonconductive epoxy filled, planarized, copper capped both sides"
31.8923,33.0326,0.2,0.45,/USB_CC2,39346e4d-1135-45f2-8d4a-7e9b9f274046,"IPC-4761 Type VII nonconductive epoxy filled, planarized, copper capped both sides"
28.5992,26.3054,0.2,0.45,/USB_CC2,6d888dab-e4d2-4ee0-8e94-656013481abf,"IPC-4761 Type VII nonconductive epoxy filled, planarized, copper capped both sides"
